source,target,weight
chr19-3000000,chr19-3100000,0.10317460317460317
chr19-3900000,chr19-3800000,0.0530812324929972
chr19-3800000,chr19-3900000,0.05158802177858439
chr19-6000000,chr19-5900000,0.0504639175257732
chr19-8700000,chr19-8800000,0.05068415051311288
chr19-37500000,chr19-37400000,0.05
chr19-37400000,chr19-37500000,0.05237306843267108
chr19-41400000,chr19-41300000,0.057327935222672065
chr19-44400000,chr19-44300000,0.05016339869281045
chr19-53500000,chr19-53400000,0.050256118383608425
